<?xml version="1.0" encoding="UTF-8"?>
<project xmlns="http://www.netbeans.org/ns/project/1">
    <type>com.microchip.mplab.nbide.embedded.makeproject</type>
    <configuration>
        <data xmlns="http://www.netbeans.org/ns/make-project/1">
            <name>ctaocrypt_mcapi</name>
            <creation-uuid>2ca6ab9b-e225-4ad3-b48e-9ea7b47a4ca4</creation-uuid>
            <make-project-type>0</make-project-type>
            <c-extensions>c</c-extensions>
            <cpp-extensions/>
            <header-extensions/>
            <sourceEncoding>ISO-8859-1</sourceEncoding>
            <make-dep-projects>
                <make-dep-project>../zlib.X</make-dep-project>
                <make-dep-project>../cyassl.X</make-dep-project>
            </make-dep-projects>
        </data>
    </configuration>
</project>
