<?xml version="1.0" encoding="UTF-8"?>
<configurationDescriptor version="62">
  <logicalFolder name="root" displayName="root" projectFiles="true">
    <logicalFolder name="HeaderFiles"
                   displayName="Header Files"
                   projectFiles="true">
    </logicalFolder>
    <logicalFolder name="LinkerScript"
                   displayName="Linker Files"
                   projectFiles="true">
    </logicalFolder>
    <logicalFolder name="SourceFiles"
                   displayName="Source Files"
                   projectFiles="true">
      <itemPath>../../src/crl.c</itemPath>
      <itemPath>../../src/internal.c</itemPath>
      <itemPath>../../src/io.c</itemPath>
      <itemPath>../../src/keys.c</itemPath>
      <itemPath>../../src/ocsp.c</itemPath>
      <itemPath>../../src/sniffer.c</itemPath>
      <itemPath>../../src/ssl.c</itemPath>
      <itemPath>../../src/tls.c</itemPath>
      <itemPath>../../ctaocrypt/src/aes.c</itemPath>
      <itemPath>../../ctaocrypt/src/arc4.c</itemPath>
      <itemPath>../../ctaocrypt/src/asm.c</itemPath>
      <itemPath>../../ctaocrypt/src/asn.c</itemPath>
      <itemPath>../../ctaocrypt/src/coding.c</itemPath>
      <itemPath>../../ctaocrypt/src/des3.c</itemPath>
      <itemPath>../../ctaocrypt/src/dh.c</itemPath>
      <itemPath>../../ctaocrypt/src/dsa.c</itemPath>
      <itemPath>../../ctaocrypt/src/ecc.c</itemPath>
      <itemPath>../../ctaocrypt/src/ecc_fp.c</itemPath>
      <itemPath>../../ctaocrypt/src/error.c</itemPath>
      <itemPath>../../ctaocrypt/src/hc128.c</itemPath>
      <itemPath>../../ctaocrypt/src/hmac.c</itemPath>
      <itemPath>../../ctaocrypt/src/integer.c</itemPath>
      <itemPath>../../ctaocrypt/src/logging.c</itemPath>
      <itemPath>../../ctaocrypt/src/md2.c</itemPath>
      <itemPath>../../ctaocrypt/src/md4.c</itemPath>
      <itemPath>../../ctaocrypt/src/md5.c</itemPath>
      <itemPath>../../ctaocrypt/src/memory.c</itemPath>
      <itemPath>../../ctaocrypt/src/misc.c</itemPath>
      <itemPath>../../ctaocrypt/src/pwdbased.c</itemPath>
      <itemPath>../../ctaocrypt/src/rabbit.c</itemPath>
      <itemPath>../../ctaocrypt/src/random.c</itemPath>
      <itemPath>../../ctaocrypt/src/ripemd.c</itemPath>
      <itemPath>../../ctaocrypt/src/rsa.c</itemPath>
      <itemPath>../../ctaocrypt/src/sha.c</itemPath>
      <itemPath>../../ctaocrypt/src/sha256.c</itemPath>
      <itemPath>../../ctaocrypt/src/sha512.c</itemPath>
      <itemPath>../../ctaocrypt/src/tfm.c</itemPath>
      <itemPath>../../mcapi/crypto.c</itemPath>
      <itemPath>../../ctaocrypt/src/compress.c</itemPath>
      <itemPath>../../ctaocrypt/src/camellia.c</itemPath>
    </logicalFolder>
    <logicalFolder name="ExternalFiles"
                   displayName="Important Files"
                   projectFiles="false">
      <itemPath>Makefile</itemPath>
    </logicalFolder>
  </logicalFolder>
  <sourceRootList>
    <Elem>..</Elem>
  </sourceRootList>
  <projectmakefile>Makefile</projectmakefile>
  <confs>
    <conf name="default" type="3">
      <toolsSet>
        <developmentServer>localhost</developmentServer>
        <targetDevice>PIC32MX795F512L</targetDevice>
        <targetHeader></targetHeader>
        <targetPluginBoard></targetPluginBoard>
        <platformTool>SKDEPIC32PlatformTool</platformTool>
        <languageToolchain>XC32</languageToolchain>
        <languageToolchainVersion>1.10</languageToolchainVersion>
        <platform>4</platform>
      </toolsSet>
      <compileType>
        <archiverTool>
        </archiverTool>
      </compileType>
      <makeCustomizationType>
        <makeCustomizationPreStepEnabled>false</makeCustomizationPreStepEnabled>
        <makeCustomizationPreStep></makeCustomizationPreStep>
        <makeCustomizationPostStepEnabled>false</makeCustomizationPostStepEnabled>
        <makeCustomizationPostStep></makeCustomizationPostStep>
        <makeCustomizationPutChecksumInUserID>false</makeCustomizationPutChecksumInUserID>
        <makeCustomizationEnableLongLines>false</makeCustomizationEnableLongLines>
        <makeCustomizationNormalizeHexFile>false</makeCustomizationNormalizeHexFile>
      </makeCustomizationType>
      <C32>
        <property key="additional-warnings" value="false"/>
        <property key="enable-app-io" value="false"/>
        <property key="enable-omit-frame-pointer" value="false"/>
        <property key="enable-symbols" value="false"/>
        <property key="enable-unroll-loops" value="false"/>
        <property key="exclude-floating-point" value="false"/>
        <property key="extra-include-directories"
                  value="../../;../../mcapi;../../zlib-1.2.7;/Users/chrisc/yaSSL/products/cyassl/git/cyassl57/zlib-1.2.7"/>
        <property key="generate-16-bit-code" value="false"/>
        <property key="isolate-each-function" value="false"/>
        <property key="make-warnings-into-errors" value="false"/>
        <property key="optimization-level" value="-Os"/>
        <property key="place-data-into-section" value="false"/>
        <property key="post-instruction-scheduling" value="default"/>
        <property key="pre-instruction-scheduling" value="default"/>
        <property key="preprocessor-macros"
                  value="CYASSL_SHA512;CYASSL_SHA384;CYASSL_AES_COUNTER;CYASSL_AES_DIRECT;HAVE_ECC;HAVE_LIBZ;HAVE_MCAPI"/>
        <property key="strict-ansi" value="false"/>
        <property key="support-ansi" value="false"/>
        <property key="use-cci" value="false"/>
        <property key="use-indirect-calls" value="false"/>
      </C32>
      <C32-AS>
        <property key="assembler-symbols" value=""/>
        <property key="enable-symbols" value="false"/>
        <property key="exclude-floating-point-library" value="false"/>
        <property key="expand-macros" value="false"/>
        <property key="extra-include-directories-for-assembler" value="../../"/>
        <property key="extra-include-directories-for-preprocessor" value="../../"/>
        <property key="false-conditionals" value="false"/>
        <property key="keep-locals" value="false"/>
        <property key="list-assembly" value="false"/>
        <property key="list-source" value="false"/>
        <property key="list-symbols" value="false"/>
        <property key="oXC32asm-list-to-file" value="false"/>
        <property key="omit-debug-dirs" value="false"/>
        <property key="omit-forms" value="false"/>
        <property key="preprocessor-macros" value=""/>
        <property key="warning-level" value=""/>
      </C32-AS>
      <C32-LD>
        <property key="additional-options-use-response-files" value="false"/>
        <property key="enable-check-sections" value="false"/>
        <property key="exclude-floating-point-library" value="false"/>
        <property key="exclude-standard-libraries" value="false"/>
        <property key="extra-lib-directories" value=""/>
        <property key="generate-16-bit-code" value="false"/>
        <property key="generate-cross-reference-file" value="false"/>
        <property key="heap-size" value=""/>
        <property key="input-libraries" value=""/>
        <property key="linker-symbols" value=""/>
        <property key="map-file" value=""/>
        <property key="no-startup-files" value="false"/>
        <property key="optimization-level" value="-Os"/>
        <property key="preprocessor-macros" value=""/>
        <property key="remove-unused-sections" value="true"/>
        <property key="report-memory-usage" value="false"/>
        <property key="stack-size" value=""/>
        <property key="symbol-stripping" value="-s"/>
        <property key="trace-symbols" value=""/>
        <property key="warn-section-align" value="false"/>
      </C32-LD>
      <C32CPP>
        <property key="additional-warnings" value="false"/>
        <property key="check-new" value="false"/>
        <property key="eh-specs" value="false"/>
        <property key="enable-app-io" value="false"/>
        <property key="enable-omit-frame-pointer" value="false"/>
        <property key="enable-symbols" value="true"/>
        <property key="enable-unroll-loops" value="false"/>
        <property key="exceptions" value="false"/>
        <property key="exclude-floating-point" value="false"/>
        <property key="extra-include-directories" value=""/>
        <property key="generate-16-bit-code" value="false"/>
        <property key="isolate-each-function" value="false"/>
        <property key="make-warnings-into-errors" value="false"/>
        <property key="optimization-level" value=""/>
        <property key="place-data-into-section" value="false"/>
        <property key="post-instruction-scheduling" value="default"/>
        <property key="pre-instruction-scheduling" value="default"/>
        <property key="preprocessor-macros" value=""/>
        <property key="rtti" value="false"/>
        <property key="strict-ansi" value="false"/>
        <property key="use-cci" value="false"/>
        <property key="use-indirect-calls" value="false"/>
      </C32CPP>
      <C32Global>
        <property key="legacy-libc" value="false"/>
      </C32Global>
      <SKDEPIC32PlatformTool>
        <property key="whatToProgram" value="all"/>
      </SKDEPIC32PlatformTool>
    </conf>
  </confs>
</configurationDescriptor>
